{
    "action": {
        "min": [
            -63.85185241699219,
            -100.0,
            -70.07299041748047,
            33.90557861328125,
            -59.75579833984375,
            0.0
        ],
        "max": [
            42.22222137451172,
            51.79400634765625,
            96.98905181884766,
            99.31330108642578,
            42.56410217285156,
            99.34640502929688
        ],
        "mean": [
            -10.26665210723877,
            -7.332292556762695,
            7.42459774017334,
            78.9488754272461,
            -3.735513210296631,
            28.32232666015625
        ],
        "std": [
            17.86562156677246,
            37.58372497558594,
            37.98877716064453,
            11.87385082244873,
            13.56916332244873,
            34.95261764526367
        ],
        "count": [
            28761
        ],
        "q01": [
            -56.592594146728516,
            -100.0,
            -62.86496353149414,
            51.21030044555664,
            -52.57631301879883,
            0.7352941036224365
        ],
        "q10": [
            -33.185184478759766,
            -63.02237319946289,
            -39.142333984375,
            63.60514831542969,
            -20.19536018371582,
            0.8169934749603271
        ],
        "q50": [
            -7.111111164093018,
            -2.912621259689331,
            6.386861324310303,
            78.28326416015625,
            -1.0989011526107788,
            0.9803921580314636
        ],
        "q90": [
            11.11111068725586,
            37.35753631591797,
            64.5073013305664,
            95.96566772460938,
            10.525030136108398,
            80.63725280761719
        ],
        "q99": [
            29.140769958496094,
            46.2220344543457,
            94.34306335449219,
            98.96995544433594,
            30.10988998413086,
            95.83333587646484
        ]
    },
    "observation.state": {
        "min": [
            -63.56275177001953,
            -100.0,
            -66.41425323486328,
            34.58904266357422,
            -59.07204055786133,
            0.8940852880477905
        ],
        "max": [
            41.92123794555664,
            52.15031433105469,
            100.0,
            98.63013458251953,
            42.31990051269531,
            97.59284973144531
        ],
        "mean": [
            -10.319255828857422,
            -7.283164978027344,
            10.700814247131348,
            78.88179016113281,
            -3.5733535289764404,
            34.65935134887695
        ],
        "std": [
            17.76449203491211,
            39.674678802490234,
            39.16387176513672,
            11.573978424072266,
            13.540128707885742,
            30.00225257873535
        ],
        "count": [
            28761
        ],
        "q01": [
            -56.71696853637695,
            -99.58246612548828,
            -60.0,
            51.96917724609375,
            -52.4493293762207,
            0.9628610610961914
        ],
        "q10": [
            -33.23518753051758,
            -77.62004089355469,
            -37.01559066772461,
            63.95547866821289,
            -20.146520614624023,
            1.1004126071929932
        ],
        "q50": [
            -6.956201553344727,
            -1.7954070568084717,
            8.596881866455078,
            78.08219146728516,
            -0.8058608174324036,
            22.14580535888672
        ],
        "q90": [
            10.931174278259277,
            38.872650146484375,
            78.35189056396484,
            95.54794311523438,
            10.622710227966309,
            79.71114349365234
        ],
        "q99": [
            29.03938102722168,
            47.22338104248047,
            95.81291961669922,
            98.45890045166016,
            30.10988998413086,
            94.9381332397461
        ]
    },
    "observation.images.front": {
        "min": [
            [
                [
                    0.0
                ]
            ],
            [
                [
                    0.0
                ]
            ],
            [
                [
                    0.0
                ]
            ]
        ],
        "max": [
            [
                [
                    1.0
                ]
            ],
            [
                [
                    1.0
                ]
            ],
            [
                [
                    1.0
                ]
            ]
        ],
        "mean": [
            [
                [
                    0.5336015261730362
                ]
            ],
            [
                [
                    0.5294031096487913
                ]
            ],
            [
                [
                    0.5205155793399974
                ]
            ]
        ],
        "std": [
            [
                [
                    0.26697906999830584
                ]
            ],
            [
                [
                    0.21795479255543834
                ]
            ],
            [
                [
                    0.21895548283160912
                ]
            ]
        ],
        "count": [
            28761
        ],
        "q01": [
            [
                [
                    0.0
                ]
            ],
            [
                [
                    0.0
                ]
            ],
            [
                [
                    0.0
                ]
            ]
        ],
        "q10": [
            [
                [
                    0.0784313753247261
                ]
            ],
            [
                [
                    0.12941177189350128
                ]
            ],
            [
                [
                    0.13725490868091583
                ]
            ]
        ],
        "q50": [
            [
                [
                    0.5254902243614197
                ]
            ],
            [
                [
                    0.5647059082984924
                ]
            ],
            [
                [
                    0.5490196347236633
                ]
            ]
        ],
        "q90": [
            [
                [
                    0.9882352948188782
                ]
            ],
            [
                [
                    0.7372549176216125
                ]
            ],
            [
                [
                    0.7372549176216125
                ]
            ]
        ],
        "q99": [
            [
                [
                    1.0
                ]
            ],
            [
                [
                    0.9960784316062927
                ]
            ],
            [
                [
                    1.0
                ]
            ]
        ]
    },
    "observation.images.wrist": {
        "min": [
            [
                [
                    0.0
                ]
            ],
            [
                [
                    0.0
                ]
            ],
            [
                [
                    0.0
                ]
            ]
        ],
        "max": [
            [
                [
                    1.0
                ]
            ],
            [
                [
                    1.0
                ]
            ],
            [
                [
                    1.0
                ]
            ]
        ],
        "mean": [
            [
                [
                    0.524728325490263
                ]
            ],
            [
                [
                    0.49021761649637235
                ]
            ],
            [
                [
                    0.4568969943614234
                ]
            ]
        ],